,keyword,time
0,한미모,2020-05-29 00:00:00+09:00
1,변수미,2020-05-29 00:00:00+09:00
2,강서은,2020-05-29 01:00:00+09:00
3,슬기로운 의사생활' 12회,2020-05-29 09:00:00+09:00
4,퀸와사비,2020-05-29 02:00:00+09:00
5,조윤희,2020-05-28 12:00:00+09:00
6,에디린,2020-05-28 17:00:00+09:00
7,MSC,2020-05-28 15:00:00+09:00
8,홍콩보안법,2020-05-28 17:00:00+09:00
9,백선엽,2020-05-28 20:00:00+09:00
10,안소현,2020-05-28 23:00:00+09:00
11,약쿠르트,2020-05-28 02:00:00+09:00
12,미드시즌컵,2020-05-28 19:00:00+09:00
13,아크로 서울 포레스트,2020-05-28 20:00:00+09:00
14,로이킴,2020-05-28 14:00:00+09:00
15,포항 상간녀,2020-05-27 09:00:00+09:00
16,포항,2020-05-27 07:00:00+09:00
17,전지적 독자 시점,2020-05-27 01:00:00+09:00
18,도미노피자,2020-05-27 18:00:00+09:00
19,괴질,2020-05-27 08:00:00+09:00
